<?xml version="1.0" encoding="utf-8"?>

<Tooltips> 



    <Open_Folder></Open_Folder>   
    <Open_Backup></Open_Backup>  
    <Toggle_List></Toggle_List>
    <Remove_Backup></Remove_Backup>    
    <Backup></Backup>    
    <Undo></Undo>       
    <Search></Search>
    <Merge_Backups></Merge_Backups>        
    <Set_Attribute></Set_Attribute>
    <Checkout></Checkout>                
    <Percent></Percent>
    <Script></Script>    
    <Operator></Operator>
    <Add_Backup></Add_Backup>   
    <Axe></Axe>
    <Settings></Settings>
    <Run></Run>
    <Reset></Reset>



</Tooltips>

