<?xml version="1.0" encoding="utf-8"?>

<Tooltips> 


    <Open_Folder>Linksklick, um nach einer Datei zu suchen,
Rechtsklick um die ausgewaehlte Datei zu oeffnen.</Open_Folder>
  
    <Open_Backup>Linksklick waehrend der Knopf rot ist, um das Hauptverzeichniss zu oeffnen. 
Linksklick bei gruen, um den Ordner des ausgewaehlten Backups zu oeffnen.

Rechtsklick um Axe_Info.txt des ausgewaehlten Backups zu oeffnen.</Open_Backup> 
    
    <Toggle_List>Ein/Aus-schalten der Liste mit Instanzen in der selektierten Xml.</Toggle_List>

    <Remove_Backup>Gruen bedeutet, dass gar kein Backup ausgewaehlt ist,
welches geloescht werden koennte. Rot bedeutet, das ausgewaehlte Backup wird geloescht.</Remove_Backup>  
    <Backup>Backup-Modus umschalten</Backup>   
    <Undo>Rueckgaengig machen der letzten Aktion und loeschen des dazu gehoerenden Auto-Backups.</Undo>       
    <Search>Wenn das Textfeld fuer den uebergeordneten Namen ausgewaehlt ist,
wird das gesamte XML-Verzeichnis nach Nodes dieses Namens durchsucht.

Wenn das Textfeld des Attribut-namens ausgewaehlt ist, durchsucht es die ausgewaehlte Datei nach einer Entitaet mit diesem Attributwert.</Search>
    
    <Merge_Backups>Klicken Sie mit der linken Maustaste auf ein Backup (gruen), um seinen Stammbaum zu kollabieren.

Klicken Sie mit der linken Maustaste auf mehrere Backups, waehrend Sie die Umschalttaste (rot) gedrueckt halten, 
um die ausgewaehlten Backups in ihr Basis-Backup zusammenzufuehren.</Merge_Backups>  
    
    <Set_Attribute>Klicken Sie hier, um zwischen dem Namen des Attributs (schwarz) und seinem Wert (weiss) umzuschalten.</Set_Attribute>
    <Checkout>Auschecken des ausgewaehlten Backups.
Dadurch wird es in das Arbeitsverzeichnis geladen.

ZB wenn aeltere Backups gecheckt werden, werden neue aenderungen im Arbeitsverzeichnis ueberschrieben.</Checkout>                
    <Percent>Im Prozentmodus ruft Xml Axe die Originalwerte des ausgewaehlten Tags ab,
Und es skaliert sie entweder nach oben oder nach unten um den angegebenen Betrag von %.
                                        
Wenn kein bestimmter Attributname ausgewaehlt und kein Typfilter eingestellt ist, wird dieser prozentuale Ausgleich auf alle Entitaeten angewendet, die das ausgewaehlte Tag haben.</Percent>
    
    <Script>Script-Modus umschalten</Script>     
    <Operator>Schaltet um von + nach - und umgekehrt, wenn man diesen Knopf drueckt.
Man kann in der Dropdown-Box "True" auswaehlen, um in den Bool-Modus zu wechseln.
Oder die Trackleiste unten bewegen, um in den Zahlen modus zurueckzukehren.</Operator>
    <Add_Backup>Erstelle ein neues Backup des aktuellen Arbeitsverzeichnisses.</Add_Backup>  
    <Axe>Xml Axe mit den Einstellungen in den Textfeldern ausfuehren.
Ein Prompt fragt, welche Dateien bearbeitet werden sollen und erstellt automatisch ein Backup dieser Dateien, bevor ihre jeweiligen aenderungen uebernommen werden.</Axe>
    <Settings>Einstellungsmodus umschalten</Settings>
    <Run>Startet ein Programm und seine Parameter,
wenn sie in den Einstellungen definiert sind.

Andernfalls wird im EAW-Modus versucht, die Mod der ausgewaehlten XML-Datei zu starten.</Run>
     <Reset>Setzt alle Einstellungen auf ihre Standardeinstellungen zurueck.
Achtung, dadurch werden alle benutzerdefinierten XML-Tags geloescht.</Reset>



</Tooltips>
